segment_id,first_image,last_image,n_images,classes,weather,light,split
seg_000,000000,000699,700,Battery,Wet,Dim,train
seg_001,000700,000820,121,Battery,Dry,Dim,val
seg_002,000821,000993,173,Battery,Dry,Dark,train
seg_003,000994,001058,65,Battery,Dry,Dim,test
seg_004,001059,001240,182,Bolt,Dry,Dark,train
seg_005,001241,001374,134,BoltWasher,Dry,Bright,test
seg_006,001375,001516,142,BoltWasher,Dry,Dim,train
seg_007,001517,002257,741,BoltWasher,Wet,Dim,val
seg_008,002258,002375,118,ClampPart,Wet,Dim,test
seg_009,002376,002543,168,MetalPart,Dry,Dark,train
seg_010,002544,002672,129,ClampPart,Dry,Bright,val
seg_011,002673,002864,192,ClampPart,Dry,Dark,train
seg_012,002865,003065,201,ClampPart,Dry,Dim,train
seg_013,003066,003903,838,Cutter,Wet,Dim,train
seg_014,003904,004091,188,Cutter,Dry,Dark,train
seg_015,004092,004241,150,Cutter,Dry,Bright,train
seg_016,004242,004417,176,Cutter,Dry,Dim,test
seg_017,004418,004654,237,PlasticPart,Wet,Dim,train
seg_018,004655,005631,977,Bolt,Dry,Bright,train
seg_019,005632,006568,937,LuggageTag,Dry,Bright,train
seg_020,006569,007573,1005,Nail,Dry,Bright,train
seg_021,007574,009192,1619,Label+Pliers,Dry,Bright,train
seg_022,009193,010062,870,Washer,Dry,Bright,train
seg_023,010063,011289,1227,Wrench,Dry,Bright,train
seg_024,011290,011495,206,FuelCap,Wet,Dim,test
seg_025,011496,011614,119,FuelCap,Dry,Bright,train
seg_026,011615,011837,223,FuelCap,Dry,Dim,train
seg_027,011838,012728,891,Bolt,Dry,Bright,val
seg_028,012729,013248,520,Nut,Dry,Bright,train
seg_029,013249,013691,443,Bolt,Dry,Bright,train
seg_030,013692,014085,394,MetalSheet,Dry,Bright,train
seg_031,014086,014379,294,Hose,Dry,Bright,train
seg_032,014380,014923,544,AdjustableClamp,Dry,Bright,train
seg_033,014924,015730,807,Bolt,Dry,Bright,train
seg_034,015731,016202,472,AdjustableWrench,Dry,Bright,val
seg_035,016203,016652,450,Washer,Dry,Bright,train
seg_036,016653,017166,514,BoltNutSet,Dry,Bright,test
seg_037,017167,017643,477,Washer,Dry,Bright,train
seg_038,017644,018123,480,Pliers,Dry,Bright,train
seg_039,018124,018783,660,Wrench,Dry,Bright,train
seg_040,018784,018953,170,Hammer,Wet,Dim,train
seg_041,018954,019155,202,Hammer,Dry,Dark,train
seg_042,019156,019294,139,Hammer,Dry,Bright,test
seg_043,019295,019543,249,Hammer,Dry,Dim,val
seg_044,019544,019668,125,Label,Wet,Dim,train
seg_045,019669,019857,189,Label,Dry,Dark,train
seg_046,019858,020012,155,Label,Dry,Bright,train
seg_047,020013,020174,162,Label,Dry,Dim,train
seg_048,020175,020384,210,LuggagePart,Wet,Dim,train
seg_049,020385,020620,236,LuggageTag,Wet,Dim,train
seg_050,020621,020789,169,LuggagePart,Dry,Dim,train
seg_051,020790,020963,174,LuggagePart,Dry,Dark,test
seg_052,020964,021130,167,LuggageTag,Dry,Bright,test
seg_053,021131,021310,180,LuggageTag,Dry,Dark,train
seg_054,021311,021476,166,LuggageTag,Dry,Dim,train
seg_055,021477,021617,141,ClampPart,Dry,Dim,train
seg_056,021618,021802,185,LuggagePart,Dry,Dim,train
seg_057,021803,021922,120,MetalPart,Dry,Bright,test
seg_058,021923,022142,220,MetalPart,Wet,Dim,train
seg_059,022143,022315,173,MetalPart,Dry,Dark,train
seg_060,022316,022604,289,MetalPart,Dry,Dim,val
seg_061,022605,022740,136,ClampPart,Dry,Dark,train
seg_062,022741,022928,188,Nail,Wet,Dim,train
seg_063,022929,023198,270,Nut,Wet,Dim,train
seg_064,023199,023519,321,Nut,Dry,Dark,train
seg_065,023520,023611,92,Nut,Dry,Bright,test
seg_066,023612,023711,100,Nut,Dry,Dim,train
seg_067,023712,023888,177,PaintChip,Dry,Bright,train
seg_068,023889,024270,382,PaintChip,Wet,Dim,val
seg_069,024271,024456,186,PaintChip,Dry,Dim,train
seg_070,024457,024679,223,PaintChip,Dry,Dark,train
seg_071,024680,024838,159,Pen,Wet,Dim,train
seg_072,024839,024981,143,Pen,Dry,Dark,train
seg_073,024982,025162,181,Pen,Dry,Dim,train
seg_074,025163,025469,307,PlasticPart,Dry,Bright,train
seg_075,025470,025658,189,PlasticPart,Wet,Dim,train
seg_076,025659,025861,203,PlasticPart,Dry,Dark,train
seg_077,025862,026054,193,PlasticPart,Dry,Bright,test
seg_078,026055,026220,166,PlasticPart,Wet,Dim,train
seg_079,026221,026933,713,PlasticPart,Dry,Dim,train
seg_080,026934,027149,216,Pliers,Wet,Dim,train
seg_081,027150,027330,181,Pliers,Dry,Dark,train
seg_082,027331,027513,183,Pliers,Dry,Bright,train
seg_083,027514,027718,205,Pliers,Dry,Dim,test
seg_084,027719,027928,210,Rock,Wet,Dim,train
seg_085,027929,028080,152,Rock,Dry,Dark,test
seg_086,028081,028265,185,Rock,Dry,Bright,train
seg_087,028266,028380,115,Rock,Dry,Dim,train
seg_088,028381,028537,157,Screw,Dry,Dim,test
seg_089,028538,028808,271,Screwdriver,Wet,Dim,train
seg_090,028809,029180,372,Screwdriver,Dry,Bright,train
seg_091,029181,029348,168,Screwdriver,Dry,Dim,test
seg_092,029349,029528,180,Wire,Dry,Dark,test
seg_093,029529,029842,314,SodaCan,Wet,Dim,train
seg_094,029843,030016,174,SodaCan,Dry,Bright,test
seg_095,030017,030276,260,SodaCan,Dry,Dim,train
seg_096,030277,030478,202,SodaCan,Dry,Dark,train
seg_097,030479,030605,127,Tape,Dry,Dark,train
seg_098,030606,030775,170,Washer,Dry,Dim,test
seg_099,030776,030947,172,Washer,Dry,Dark,val
seg_100,030948,031088,141,Wire,Dry,Bright,train
seg_101,031089,031196,108,Wire,Wet,Dim,train
seg_102,031197,031337,141,Wire,Dry,Dark,val
seg_103,031338,031492,155,Wire,Dry,Dim,train
seg_104,031493,031654,162,Wire,Wet,Dim,train
seg_105,031655,031830,176,Wire,Dry,Dark,train
seg_106,031831,031966,136,Wire,Dry,Bright,train
seg_107,031967,032342,376,Wire,Dry,Dim,train
seg_108,032343,032565,223,Wire,Wet,Dim,train
seg_109,032566,032692,127,Wire,Dry,Bright,train
seg_110,032693,032905,213,Wire,Wet,Dim,train
seg_111,032906,033111,206,Wood,Wet,Dim,test
seg_112,033112,033249,138,Wrench,Wet,Dim,train
seg_113,033250,033458,209,Wrench,Dry,Dark,train
seg_114,033459,033619,161,Wrench,Dry,Bright,train
seg_115,033620,033792,173,Wrench,Dry,Dim,train
